<KicadtoNgspice><source><v1 name="Source type">dc<field1 name="Value">1.8</field1></v1><v2 name="Source type">dc<field1 name="Value">3.5</field1></v2><v2 name="Source type">pulse<field1 name="Initial Value">1.8</field1><field2 name="Pulse Value">0</field2><field3 name="Delay Time">0.1n</field3><field4 name="Rise Time">0.1n</field4><field5 name="Fall Time">0.1n</field5><field5 name="Pulse width">5m</field5><field5 name="Period">25m</field5></v2><v3 name="Source type">pulse<field1 name="Initial Value">3.5</field1><field2 name="Pulse Value">0</field2><field3 name="Delay Time">0</field3><field4 name="Rise Time">0.001m</field4><field5 name="Fall Time">0.001m</field5><field5 name="Pulse width">50m</field5><field5 name="Period">100m</field5></v3><v4 name="Source type">pulse<field1 name="Initial Value">0</field1><field2 name="Pulse Value">3.5</field2><field3 name="Delay Time">0</field3><field4 name="Rise Time">0.001m</field4><field5 name="Fall Time">0.001m</field5><field5 name="Pulse width">30m</field5><field5 name="Period">50m</field5></v4><v5 name="Source type">pulse<field1 name="Initial Value">3</field1><field2 name="Pulse Value">0</field2><field3 name="Delay Time">0.01n</field3><field4 name="Rise Time">0.01n</field4><field5 name="Fall Time">0.01n</field5><field5 name="Pulse width">0.5n</field5><field5 name="Period">1n</field5></v5></source><model><u2 name="type">dac_bridge<field1 name="Enter value for out_low (default=0.0)" /><field2 name="Enter value for out_high (default=5.0)" /><field3 name="Enter value for out_undef (default=0.5)" /><field4 name="Enter value for input load (default=1.0e-12)" /><field5 name="Enter the Rise Time (default=1.0e-9)" /><field6 name="Enter the Fall Time (default=1.0e-9)" /></u2><u1 name="type">dac_bridge<field7 name="Enter value for out_low (default=0.0)" /><field8 name="Enter value for out_high (default=5.0)" /><field9 name="Enter value for out_undef (default=0.5)" /><field10 name="Enter value for input load (default=1.0e-12)" /><field11 name="Enter the Rise Time (default=1.0e-9)" /><field12 name="Enter the Fall Time (default=1.0e-9)" /></u1><u7 name="type">adc_bridge<field13 name="Enter value for in_low (default=1.0)" /><field14 name="Enter value for in_high (default=2.0)" /><field15 name="Enter Rise Delay (default=1.0e-9)" /><field16 name="Enter Fall Delay (default=1.0e-9)" /></u7><u8 name="type">dac_bridge<field17 name="Enter value for out_low (default=0.0)" /><field18 name="Enter value for out_high (default=5.0)" /><field19 name="Enter value for out_undef (default=0.5)" /><field20 name="Enter value for input load (default=1.0e-12)" /><field21 name="Enter the Rise Time (default=1.0e-9)" /><field22 name="Enter the Fall Time (default=1.0e-9)" /></u8><u11 name="type">swagatika_t_ff<field23 name="Enter Rise Delay (default=1.0e-9)" /><field24 name="Enter Fall Delay (default=1.0e-9)" /><field25 name="Enter Input Load (default=1.0e-12)" /><field26 name="Enter Instance ID (Between 0-99)" /></u11><u16 name="type">swagatika_t_ff<field27 name="Enter Rise Delay (default=1.0e-9)" /><field28 name="Enter Fall Delay (default=1.0e-9)" /><field29 name="Enter Input Load (default=1.0e-12)" /><field30 name="Enter Instance ID (Between 0-99)" /></u16><u17 name="type">swagatika_t_ff<field31 name="Enter Rise Delay (default=1.0e-9)" /><field32 name="Enter Fall Delay (default=1.0e-9)" /><field33 name="Enter Input Load (default=1.0e-12)" /><field34 name="Enter Instance ID (Between 0-99)" /></u17><u12 name="type">dac_bridge<field35 name="Enter value for out_low (default=0.0)" /><field36 name="Enter value for out_high (default=5.0)" /><field37 name="Enter value for out_undef (default=0.5)" /><field38 name="Enter value for input load (default=1.0e-12)" /><field39 name="Enter the Rise Time (default=1.0e-9)" /><field40 name="Enter the Fall Time (default=1.0e-9)" /></u12></model><devicemodel><scmode1><field>C:\FOSSEE\eSim\library\sky130_fd_pr\models\sky130.lib.spice</field><field>tt</field></scmode1><sc1><field /></sc1><sc3><field /></sc3><sc6><field /></sc6><sc2><field /></sc2><sc4><field /></sc4><sc7><field /></sc7><sc5><field>W=1000 L=6000 MF=5000</field></sc5><sc8><field>W=1 L=900</field></sc8><sc9><field /></sc9><sc10><field /></sc10><sc11><field /></sc11><sc16><field /></sc16><sc21><field /></sc21><sc12><field /></sc12><sc17><field /></sc17><sc22><field /></sc22><sc13><field /></sc13><sc14><field /></sc14><sc15><field /></sc15><sc18><field /></sc18><sc19><field /></sc19><sc20><field /></sc20><sc23><field /></sc23><sc24><field /></sc24><sc25><field /></sc25><sc26><field /></sc26><sc29><field /></sc29><sc30><field /></sc30><sc27><field /></sc27><sc28><field /></sc28><sc31><field /></sc31><sc32><field /></sc32><sc33><field>W=100 L=500 MF=5000</field></sc33><sc34><field>W=100 L=100 MF=5000</field></sc34></devicemodel><subcircuit /><analysis><ac><field1 name="Lin">true</field1><field2 name="Dec">false</field2><field3 name="Oct">false</field3><field4 name="Start Frequency" /><field5 name="Stop Frequency" /><field6 name="No. of points" /><field7 name="Start Fre Combo">Hz</field7><field8 name="Stop Fre Combo">Hz</field8></ac><dc><field1 name="Source 1" /><field2 name="Start" /><field3 name="Increment" /><field4 name="Stop" /><field5 name="Operating Point">0</field5><field6 name="Start Combo">Volts or Amperes</field6><field7 name="Increment Combo">Volts or Amperes</field7><field8 name="Stop Combo">Volts or Amperes</field8><field9 name="Source 2" /><field10 name="Start" /><field11 name="Increment" /><field12 name="Stop" /><field13 name="Start Combo">Volts or Amperes</field13><field14 name="Increment Combo">Volts or Amperes</field14><field15 name="Stop Combo">Volts or Amperes</field15></dc><tran><field1 name="Start Time">0</field1><field2 name="Step Time">0.01</field2><field3 name="Stop Time">100</field3><field4 name="Start Combo">ms</field4><field5 name="Step Combo">ms</field5><field6 name="Stop Combo">ms</field6></tran></analysis></KicadtoNgspice>